{
    "calibration_phase_rad": 0.3146637521405187,
    "calibration_phase_deg": 18.028904963402347,
    "calibration_coherence": 0.9999131972155263,
    "all_phase_std_deg": 0.7550675015968814,
    "all_phase_min_deg": 16.533729640823147,
    "all_phase_max_deg": 19.49910408030837,
    "all_phase_range_deg": 2.965374439485224,
    "total_phase_measurements": 300,
    "sample_rate": 5000000,
    "center_freq": 886600000,
    "rx_bw": 3840000,
    "capture_time": 1.0,
    "num_calibration_runs": 3,
    "N_FFT": 512,
    "CP_LEN": 18,
    "T_per": 10,
    "T_off": 0,
    "N_RB_UL": 15,
    "PCID": 1,
    "C_RNTI": 4660,
    "config_Index": 7,
    "run_summary": [
        {
            "run_index": 1,
            "num_detected_peaks": 100,
            "num_valid_phase_peaks": 100,
            "raw_quality_db": 42.44621658325195,
            "avg_phase_rad": 0.317751471841304,
            "avg_phase_deg": 18.20581827057674,
            "phase_coherence": 0.9999103132484464,
            "avg_phase_weighted_rad": 0.3177597813798539,
            "avg_phase_weighted_deg": 18.20629437206535,
            "phase_coherence_weighted": 0.9999104927893118,
            "phase_std_deg": 0.7673769593681125,
            "phase_min_deg": 16.594398796125784,
            "phase_max_deg": 19.49910408030837,
            "phase_range_deg": 2.9047052841825867
        },
        {
            "run_index": 2,
            "num_detected_peaks": 100,
            "num_valid_phase_peaks": 100,
            "raw_quality_db": 42.522769927978516,
            "avg_phase_rad": 0.31444922678562875,
            "avg_phase_deg": 18.016613565968605,
            "phase_coherence": 0.999915635679706,
            "avg_phase_weighted_rad": 0.3144022882073912,
            "avg_phase_weighted_deg": 18.01392418353925,
            "phase_coherence_weighted": 0.999915685578307,
            "phase_std_deg": 0.7442558976839262,
            "phase_min_deg": 16.633344534773197,
            "phase_max_deg": 19.493694570485722,
            "phase_range_deg": 2.860350035712525
        },
        {
            "run_index": 3,
            "num_detected_peaks": 100,
            "num_valid_phase_peaks": 100,
            "raw_quality_db": 42.78284454345703,
            "avg_phase_rad": 0.3118803729630875,
            "avg_phase_deg": 17.869429083750944,
            "phase_coherence": 0.999922213639671,
            "avg_phase_weighted_rad": 0.3118365788226883,
            "avg_phase_weighted_deg": 17.866919864338666,
            "phase_coherence_weighted": 0.9999222175031062,
            "phase_std_deg": 0.7146509947870658,
            "phase_min_deg": 16.533729640823147,
            "phase_max_deg": 19.1302926481479,
            "phase_range_deg": 2.596563007324754
        }
    ]
}